INSERT INTO "Typy_zarizeni" ("id_typ", "nazev", "zkratka") VALUES
        (01, 'Záchranná stanice', 'ZS'),
        (02, 'Útulek', 'AZ');


INSERT INTO "Zarizeni" ("id_zar", "nazev", "adresa", "odpovedna_osoba", "kontakt", "max_kapacita", "datum_zapsani", "id_typ") VALUES
		(01, 'AniDef', 'Žim 59, 415 01 Žim', 'Barbora Benešová', '621 795 652', 50, '2017-07-01', 02),
        (02, 'Útulek SOLEO', 'Vyhlídková 17, 702 00 Ostrava', 'Tomáš Prokop', '723 114 268', 60, '2015-11-10', 02),
        (03, 'Zachranná stanice Modrého Křídla', 'Lesní cesta 45, 613 00 Brno', 'Monika Procházková', '720 366 987', 45, '2020-03-20', 02),
        (04, 'Útulek ChruM', 'Sečská 809, 537 01 Chrudim', 'Alena Benešová', '606 874 231', 57, '2011-05-05', 02),
        (05, 'Falco', 'Dolní Týnec 39, Třebušín 41201 Litoměřice', 'Petr Kovář', '721 235 191', 35, '2013-06-13', 01);


INSERT INTO "Pohlavi" ("id_poh", "pohlavi") VALUES
        (01, 'Samec'),
        (02, 'Samice');


INSERT INTO "Druhy_zvirat" ("id_druh", "nazev") VALUES
        (01, 'Kůň/Poník'),
        (02, 'Pes'),
        (03, 'Kočka'),
        (04, 'Králík'),
        (05, 'Morče'),
		(06, 'Drobný hlodavec'),
		(07, 'Ptactvo'),
		(08, 'Exotické zvíře'),
		(09, 'Malé hospodářské zvíře'),
        (10, 'Velké hospodářské zvíře'),
        (11, 'Volně žijící zvíře');


INSERT INTO "Zvirata" ("id_zvire", "jmeno", "datum_umisteni", "odhad_narozeni", "veterinarni_prohlidka", "popis", "id_druh", "id_poh", "id_zar") VALUES
        (01, 'Max', '2017-07-21', 2012, '2023-12-10',  'Jeho nekonečná oddanost vyžaduje zkušeného a trpělivého majitele, který ocení jeho jedinečnou osobnost a bude mu věnovat lásku a péči, kterou si zaslouží.', 02, 01, 01),
        (02, 'Monte', '2022-01-05', 2019, '2022-03-10', 'Statečný pes, připravený na nový domov.', 02, 01, 02),
        (03, 'Bella', '2023-11-20', 2020, '2024-02-10', 'Nádherná fena s milým temperamentem.', 02, 02, 03),
        (04, 'Luna', '2024-01-10', 2017, '2024-03-15', 'Energická a hravá kočka.', 03 , 02, 04),
        (05, 'Daisy', '2023-10-25', 2023, '2024-04-20', 'Velmi přátelská a loajální fena.', 02, 02, 05),
        (06, 'Charlie', '2024-02-05', 2015, '2024-05-10', 'Klidný a milý, starší kocour, ideální společník do bytu.', 02, 01, 02),
        (07, 'Rocky', '2023-09-30', 2022, '2023-11-05', null, 02, 01, 03),
        (08, 'Molly', '2024-03-20', 2019, '2024-07-15', 'Molly je kravička, která byla odebrána z hrozných podmínek a zaslouží si konečně čistý přístřešek', 09,02, 04),
        (09, 'Toby', '2023-08-15', 2014, '2023-12-20', 'Starší pes s láskyplnou povahou. I na svůj věk je velmi akční.', 02, 01, 05),
        (10, 'Lucy', '2024-01-25', 2021, '2024-04-10', 'Velká společenská fena s láskyplným srdcem. Vhodná k malým dětem', 02, 02, 02),
        (11, 'Cooper', '2022-10-10', 2018, '2023-07-20', 'Klidný a oddaný pes, který hledá tu pravou rodinu.', 02, 01, 03),
        (12, 'Sasha', '2023-11-15', 2020, '2023-12-15', null, 03, 02, 04),
        (13, 'Buddy' ,'2023-06-10', 2017, '2023-12-05', null, 02, 01, 05),
        (14, 'Bailey', '2024-01-20', 2022, '2024-03-10','Umazlená velmi chlupatá kočka, která nepohrdne dobrou mňamkou.', 03, 02, 02),
        (15, 'Duke', '2024-02-15', 2012, '2024-02-25', 'Starší pes Duke hledá místo na dožití.', 02, 01, 03),
        (16, 'Sadie', '2024-04-20', 2024, '2024-04-25', 'Malé náročnější štěně, které hledá místo, kde vyroste s láskou.', 02, 02, 01),
        (17, 'Vendelína', '2024-05-20', 2023, '2024-06-05', null, 04, 02, 04),
        (18, 'Stelinka', '2024-04-01', 2024, '2024-04-13','Stelinka se do útulku dostala jako čerstvě narozená kozička, kterou matka odmítla.', 09, 02, 01),
        (19, 'Mirula', '2022-07-15', 2019, '2022-08-22', 'Mirula je přátelský a hravý pejsek, který miluje procházky a společnost lidí.', 02, 01, 02),
        (20, 'Micka', '2021-06-20', 2018, '2023-02-10', 'Micka je kočka s krásnou černou srstí a zelenýma očima. Je trochu plachá, ale jakmile si na vás zvykne, je velmi mazlivá.', 03, 02, 03),
        (21, 'Ťufík', '2023-02-05', 2023, '2023-04-01', null, 06, 01, 01),
        (22, 'Prskavka', '2023-11-10', 2023, '2023-11-17', 'Prskavka je barevná andulka, která ráda zpívá a je velmi společenská. Potřebuje dostatek prostoru pro let.', 07, 02, 03),
        (23, 'Kiwi', '2023-03-01', 2023, '2023-04-20', 'Kozička je roztomilá a hravá. Ráda se prohání po výběhu a skáče na všechny strany.', 09, 02, 04),
        (24, 'Sirius', '2021-08-12', 2020, '2023-01-25', 'Sirius je starší pejsek, který byl nalezen jako tulák. Je velmi přátelský a vděčný za každou pozornost.', 02, 01, 02),
        (25, 'Pufi', '2022-05-18', 2021, '2023-03-10', 'Zakrslý králík s krásnou bílou srstí. Je velmi klidný a hodí se i pro začátečníky.', 04, 01, 01),
        (26, 'Žofka', '2023-02-22', 2022, '2023-04-15', 'Žofka je mladá kočička, která byla nalezena opuštěná. Je velmi hravá a potřebuje hodně pozornosti.', 03, 02, 05),
        (27, 'Ruddit', '2022-07-05', 2020, '2023-02-28', 'Morče s krásnou hnědou až nazrzlou srstí. Rád se nechá hladit a dobroty hledá všude.', 05, 01, 02),
        (28, 'Pepík', '2021-10-25', 2019, '2021-11-05', 'Pepík je mluvící papoušek, který umí napodobovat různé zvuky. Je velmi chytrý a potřebuje hodně podnětů.', 07, 01, 03),
        (29, 'Bručoun', '2022-03-10', 2020, '2023-03-21', 'Bručoun je starší kocour, který byl nalezen jako tulák. Je trochu nedůvěřivý, ale jakmile si na vás zvykne, je velmi mazlivý.', 03, 01, 02),
        (30, 'Ťapinka', '2023-01-15', 2022, '2023-02-10', 'Ťapinka je roztomilá štěňátko, která miluje hraní a mazlení. Je velmi přátelská a učenlivá.', 02, 02, 01),
        (31, 'Šedivka', '2022-09-20', 2021, '2022-09-25', 'Šedivka je osmák, který je neuvěřitelně zvědavý. Rád prozkoumává své okolí a miluje kolečko.', 06, 01, 03),
        (32, 'Dráček', '2021-07-05', 2019, '2021-07-20', 'Dráček je zakrslý králík s krásnou šedou srstí. Hodí se i pro malé děti.', 04, 01, 04),
        (33, 'Eman', '2023-02-01', 2022, '2023-02-25', 'Eman je mladý kocourek, který byl nalezen opuštěný. Je velmi zvědavý ale také plachý.', 03, 01, 05),
        (34, 'Popelka', '2023-11-15', 2023, '2023-12-01', 'Morčátko s krásnou bílou srstí.', 05, 02, 02),
        (35, 'Brandy', '2021-04-20', 2020, '2021-04-27', null, 02, 01, 01),
        (36, 'Hrošík', '2023-03-10', 2023, '2023-04-10', 'Hrošík je roztomilé prasátko, které miluje koupání a hraní v blátě. Je velmi přátelský a hodí se i pro děti.', 09, 01, 03),
        (37, 'Inka', '2022-08-01', 2021, '2022-10-15', null, 07, 02, 04),
        (38, 'Jáchym', '2021-11-25', 2020, '2021-12-19', null, 03, 01, 05),
        (39, 'Káča', '2023-04-05', 2022, '2023-04-25', 'Káča je mladá kočička, která byla nalezena opuštěná. Je plachá ale jakmile vásd pozná, nechá se pohladit', 03, 02, 01),
        (40, 'Loki', '2022-06-15', 2021, '2022-07-01', 'Loki je pejsek střední velikosti, který miluje hraní a běhání. Je velmi energický a potřebuje hodně pohybu.', 02, 01, 02),
        (41, 'Mílinka', '2022-12-01', 2021, '2023-07-05', 'Roztomilá fenka střední velikosti. Je velmi přátelská a miluje děti.', 02, 02, 03),
        (42, 'Nelinka', '2023-02-15', 2022, '2023-07-10', 'Kočička s krásnou černobílou srstí ale bez jednoho očička. Je velmi zvědavá a hravá.', 03, 02, 04),
        (43, 'Olinka', '2021-08-20', 2015, '2021-09-15', 'Starší fenka s pohybovým problémem, i tak si ale zaslouží nový domov.', 02, 02, 02),
        (44, 'Píno', '2022-05-10', 2021, '2023-07-20', 'Píno je zakrslý králík, takový průzkumník který je rád mimo svou klec.', 04, 01, 01),
        (45, 'Rexík', '2024-03-25', 2024, '2024-04-25', 'Rexík je štěně, které bylo nalezeno opuštěné. Je velmi hravé a potřebuje hodně pozornosti aby se naučil základní povely.', 02, 01, 05);


INSERT INTO "Pozice" ("id_poz", "nazev") VALUES
        (0, 'Zakladatel/ka'),
        (1, 'Ošetřovatel/ka'),
        (2, 'Zoolog'),
        (3, 'Veterinář/ka'),
		(4, 'Rehabilitační pracovník/pracovnice'),
		(5, 'Jednatel/ka'),
		(6, 'Odchyt zvířat'),
		(7, 'Pomocný ošetřoval/ka'),
        (8, 'Cvičitel'),
        (9, 'Administrace eshopu'),
        (10, 'Manažer sociálních sítí'),
        (11, 'Poradatel aukci'),
        (12, 'Ucetni'),
        (13, 'Udrzbar'),
        (14, 'Psycholog'),
        (15, 'Recepční'),
        (16, 'Fotograf'),
        (17, 'Výjezdový pracovník'),
        (18, 'Dočaskář/ka'),
        (19, 'Agility');


INSERT INTO "Zamestnanci" ("id_zam", "jmeno", "prijmeni", "kontakt", "id_zar", "id_poz") VALUES
		(01, 'Barbora','Benešová', '777 123 456', 01, 0),
		(02, 'Michaela','Němcová', '777 654 321', 03, 13),
		(03, 'Vojtěch','Svoboda', '608 987 654', 04, 18),
		(04, 'Ivana','Lišková', '733 123 987', 02, 2),
		(05, 'Barbora','Šnoblová', '608 321 654', 01, 1),
		(06, 'Kristýna','Opavová', '775 987 321', 05, 19),
		(07, 'Jitka','Friedrichová', '724 456 123', 01, 7),
		(08, 'Pavel','Dušek', '731 987 654', 05, 6),
		(09, 'Alena','Andrtová', '602 987 456', 01, 2),
		(10, 'Adéla','Zahradníčková', '777 321 654', 01, 10),
		(11, 'Michaela','Vitnerová', '777 654 321', 01, 9),
		(12, 'Lucie','Schwertlingová', '608 987 654', 01, 16),
		(13, 'Jakub','Rudný', '775 987 321', 02, 11),
		(14, 'Lucie','Jelínková', '731 987 654', 01, 17),
		(15, 'Jana','Pěkná', '775 654 321', 01, 18),
		(16, 'Eva','Nováková', '777 123 456', 02, 3),
		(17, 'Petr','Kovář', '605 987 654', 05, 7),
		(18, 'Markéta','Tomanová', '736 654 321', 03, 11),
		(19, 'Jiří','Král', '777 456 789', 04, 16),
		(20, 'Lenka','Procházková', '608 321 654', 02, 1),
		(21, 'Kateřina','Řežábková', '736 654 321', 01, 12),
		(22, 'Alena','Benešová', '724 456 123', 04, 12),
		(23, 'Marek','Kratochvíl', '731 654 987', 03, 17),
		(24, 'Martina','Štěpánová', '602 987 456', 02, 4),
		(25, 'Lukáš','Horák', '777 321 654', 05, 9),
		(26, 'Kristina','Nowakowska', '605 987 654', 01, 5),
		(27, 'Jakub','Šimáček', '775 987 321', 05, 8),
		(28, 'Šárka', 'Gramskopfová', '777 456 789', 01, 3),
		(29, 'Tereza','Vrbová', '731 654 987', 01, 8),
		(30, 'Lucie','Pospíšilová', '775 654 321', 03, 14),
		(31, 'Tomáš','Prokop', '731 123 987', 02, 0),
		(32, 'Barbora','Holá', '604 987 321', 04, 19),
		(33,'Adam','Mašek' ,'608 321 987', 02, 10),
		(34, 'Monika','Procházková', '731 987 654', 03, 1),
		(35, 'Petr','Buchař', '605 654 321', 04, 7),
		(36, 'Kateřina','Dvořáková', '777 321 654', 05, 5),
		(37, 'Dita','Buchlová', '733 123 987', 01, 11),
		(38, 'Eva','Králová', '731 987 654', 03,16);


INSERT INTO "Dobrovolnici" ("id_dob", "jmeno", "prijmeni", "kontakt", "pocet_nastev", "id_zar") VALUES
        (01, 'Petr','Novák', '777 123 456', 3, 2),
        (02, 'Martina','Svobodová', '605 987 654', null, 4),
        (03, 'Jan','Novotný', '736 654 321', null, 4),
        (04, 'Kateřina','Dvořáková', '777 456 789', 7, 1),
        (05, 'Jiří','Procházka',	'608 321 654', null, 3),
        (06, 'Veronika','Pospíšilová', '775 987 321', 6, 2),
        (07, 'Tomáš','Kučera', '724 456 123', 1, 1),
        (08, 'Lucie','Marečková', '731 654 987', null, 2),
        (09, 'Martin','Čihák', '602 987 456', 4,  2),
        (10, 'Tereza','Vávrová', '777 321 654', 11, 1),
        (11, 'Marek','Hájek', '777 654 321', null, 3),
        (12, 'Barbora','Malá', '608 987 654', null, 5),
        (13, 'Lukáš','Ševčík', '733 123 987', 5, 3),
        (14, 'Karolína','Adamcová', '731 987 654', 1, 5),
        (15,'Zbyněk', 'Nováček', '777 123 456', 3, 1 ),
        (16, 'Anna', 'Pham', '602 123 456', 5, 2),
        (17, 'Pavel', 'Zdražil', '721 456 789', null, 3),
        (18, 'Ludmila', 'Jinotková', '603 789 012', null, 4),
        (19, 'Tomáš', 'Dvořák', '735 345 678', 6, 1),
        (20, 'Katarína', 'Uchrymscuk', '777 888 999', null, 2),
        (21, 'Johan', 'Güttenberg', '608 123 456', 1, 3),
        (22, 'Veronika', 'Güttenbergová', '721 456 789', 3, 3),
        (23, 'Melichard', 'Blanár', '603 789 012', 9, 1),
        (24, 'Terezie', 'Bernartová', '735 345 678', 5, 1),
        (25, 'Natálie', 'Tichá', '777 888 999', null, 2),
        (26, 'Lidia', 'Moryscek', '608 123 456', 4, 3),
        (27, 'Josef', 'Kešner', '721 456 789', null, 4),
        (28, 'Michaela', 'Bímová', '603 789 012', 3, 5),
        (29, 'Lukáš', 'Heller', '735 345 678', null, 1),
        (30, 'Monika', 'Tomanová', '604 714 263', 2, 5);


INSERT INTO "Odchyty" ("id_odch", "datum", "lokalita", "pocet_odchycenych", "id_zar") VALUES
        (01, '2019-06-24', 'Pernink', 2, 1),
        (02, '2019-06-10', 'Brno-střed', 1, 3),
        (03, '2021-08-14', 'Hlinsko pod Hostýnem', 3, 4),
        (04, '2024-01-02', 'Hřensko', 1, 1),
        (05, '2022-12-08', 'Kralupy nad Vltavou', 2, 5),
        (06, '2024-03-21', 'Dolní Žandov', 1, 2),
        (07, '2023-10-27', 'Karvinná', 4, 2),
        (08, '2023-02-04', 'Vysočina', 1, 3),
        (09, '2018-11-23', 'Nová Včelnice', 2, 2),
        (10, '2017-07-06', 'Jindřichovice pod Smrkem', 1, 5),
        (11, '2023-09-18', 'Nové Město', 2, 4),
        (12, '2024-06-01', 'Jílové u Děčína', 3, 1),
        (13, '2017-07-29', 'Moravská Třebová', 1, 2),
        (14, '2019-05-16', 'Potůčky', 1, 1),
        (15, '2017-12-06', 'Brno-město', 4, 3),
        (16, '2018-01-03', 'Vítkovice', 5, 2);


INSERT INTO "Opakovane_odchyty" ("id_odch", "id_zam") VALUES
        (01, 01),
        (04, 29),
        (04, 05),
        (07, 04),
        (07, 16),
        (16, 13),
        (16, 33),
        (05, 36),
        (15, 23);


INSERT INTO "Adopce" ("id_ado", "novy_majitel", "datum", "id_zvire") VALUES
        (01, 'Jan Drahý', '2022-09-26', 19),
        (02, 'Libuše Zatočilová', '2023-12-01', 22),
        (03, 'Vlasta Kuchařová', '2023-05-15', 24),
        (04, 'Tatiana Procházková', '2024-05-20', 06),
        (05, 'Michal Černý', '2022-07-01', 02),
        (06, 'Kateřina Pleskotová', '2024-04-12', 21),
        (07, 'David Janáček', '2021-11-24', 28),
        (08, 'Veronika Malá', '2024-01-09', 12),
        (09, 'Martin Tlapák', '2023-12-15', 07),
        (10, 'Tereza Lomská', '2024-06-14', 17),
        (11, 'Jakub Doležal', '2024-02-20', 09),
        (12, 'Hana Borovková', '2024-06-02', 05),
        (13, 'Jana Bezděková', '2023-04-05', 25),
        (14, 'Petr Bláha', '202-01-07', 13),
        (15, 'Eva Mladičová', '2023-03-15', 30),
        (16, 'Tomáš Veselý', '2023-05-01', 33),
        (17, 'Leontýna Musilová', '2023-07-25', 39),
        (18, 'Jiří Tichý', '2022-01-04', 43),
        (19, 'Jitka Šedivá', '2024-04-30', 16),
        (20, 'Monika Šlégrová', '2023-08-05', 23),
        (21, 'Filip Osvald', '2023-12-01', 07),
        (22, 'Ondřej Veselý', '2024-06-15', 15),
        (23, 'Ivan Janek', '2024-05-07', 45);

